target,age,sex,cp,trestbps,chol,fbs,restecg,thalach,exang,oldpeak,slope,ca,thal
0,56.60144927536232,0.8260869565217391,0.4782608695652174,134.3985507246377,251.08695652173913,0.15942028985507245,0.4492753623188406,139.1014492753623,0.5507246376811594,1.5855072463768118,1.1666666666666667,1.1666666666666667,2.5434782608695654
1,52.4969696969697,0.5636363636363636,1.3757575757575757,129.3030303030303,242.23030303030302,0.1393939393939394,0.593939393939394,158.46666666666667,0.1393939393939394,0.5830303030303029,1.593939393939394,0.36363636363636365,2.121212121212121
