target,age,sex,cp,trestbps,chol,fbs,restecg,thalach,exang,oldpeak,slope,ca,thal
0,7.96208153750117,0.3804155138612122,0.9059204401375939,18.72994396158135,49.45461360407159,0.36740114737023677,0.5413212245494148,22.59878229878591,0.49923245858990556,1.3003396931053648,0.5613244677999094,1.0434595276713312,0.6847618288848197
1,9.550650751946778,0.4974435755588216,0.9522215049717538,16.16961326687487,53.552871554538335,0.34741150297891626,0.5048178818796775,19.174275619393168,0.3474115029789163,0.7806832719018301,0.5936346262434832,0.848893893588629,0.465752456860608
